Tipo,Titulo,Mes,Año,Id,Genero
Movie,Tekken,3,2010,tt0411951,Action
Movie,Venus & Vegas,11,2010,tt0423474,Action
Movie,The A-Team,6,2010,tt0429493,Action
Movie,Segurança Nacional,5,2010,tt0439801,Action
Movie,Scott Pilgrim vs. the World,11,2010,tt0446029,Action
Movie,Taken by Force,,2010,tt0465637,Action
Movie,"Guns, Drugs and Dirty Money",,2011,tt0464032,Action
Movie,Komaram Puli,9,2010,tt0464162,Action
Movie,Prince of Persia: The Sands of Time,5,2010,tt0473075,Action
Movie,Unstoppable,12,2010,tt0477080,Action
Movie,The Losers,4,2010,tt0480255,Action
Movie,Clash of the Titans,4,2010,tt0800320,Action
Movie,Cross the Line,11,2010,tt0810815,Action
Movie,Gangster Exchange,2,2010,tt0846004,Action
Movie,Zenitram,5,2010,tt0861747,Action
Movie,How to Train Your Dragon,3,2010,tt0892769,Action
Short,Red Princess Blues,,2010,tt0903012,Action
Movie,Westbrick Murders,5,2010,tt0903036,Action
Movie,House Under Siege,3,2010,tt0914823,Action
Movie,The Dead Undead,5,2010,tt0923653,Action
Movie,The Waiter,3,2010,tt0934981,Action
Movie,The Last Airbender,8,2010,tt0938283,Action
Movie,Salt,8,2010,tt0944835,Action
Movie,Green Zone,4,2010,tt0947810,Action
Movie,Robin Hood,5,2010,tt0955308,Action
Movie,Private Security Officer: Los Angeles,12,2010,tt0960827,Action
Movie,The Sorcerer's Apprentice,7,2010,tt0963966,Action
Movie,The Fighter,3,2011,tt0964517,Action
Movie,White Wall,5,2010,tt0969653,Action
Movie,Headhunter: The Assessment Weekend,8,2010,tt0973809,Action
Movie,Sinatra Club,9,2010,tt0975738,Action
Movie,Boyle Heights,,2011,tt0977639,Action
Movie,Machete,9,2010,tt0985694,Action
Movie,Adventure Scouts,10,2010,tt0994917,Action
Short,Desprotegido,2,2010,tt10010312,Action
Movie,Spy,8,2011,tt0372538,Action
Movie,Cowboys & Aliens,8,2011,tt0409847,Action
Movie,Real Steel,11,2011,tt0433035,Action
Movie,Captain America: The First Avenger,7,2011,tt0458339,Action
Movie,Platinum Illusions,6,2011,tt0469158,Action
Movie,The Mechanic,3,2011,tt0472399,Action
Movie,Tower Heist,11,2011,tt0471042,Action
Movie,Season of the Witch,2,2011,tt0479997,Action
Movie,Double Tap,,2014,tt0490847,Action
Movie,War of the Dead,5,2012,tt0780645,Action
Movie,Drive,11,2011,tt0780504,Action
Movie,Thor,4,2011,tt0800369,Action
Movie,Spoon,,2011,tt0805617,Action
Movie,Conan the Barbarian,9,2011,tt0816462,Action
Movie,Priest,7,2011,tt0822847,Action
Movie,Loot,11,2011,tt0847180,Action
Movie,Red State,9,2011,tt0873886,Action
Movie,Sanctum,3,2011,tt0881320,Action
Movie,From Prada to Nada,1,2011,tt0893412,Action
Movie,Deep Gold,8,2011,tt0929742,Action
Movie,Source Code,6,2011,tt0945513,Action
Movie,Sucker Punch,3,2011,tt0978764,Action
Movie,The Adventures of Tintin,10,2011,tt0983193,Action
Movie,The Green Hornet,1,2011,tt0990407,Action
Movie,Hanna,4,2011,tt0993842,Action
Movie,Two Knives,,2011,tt0997232,Action
Movie,Straw Dogs,9,2011,tt0999913,Action
Movie,Foodfight!,2,2013,tt0249516,Action
Movie,John Carter,3,2012,tt0401729,Action
Movie,Clutch,,2012,tt0475239,Action
Movie,Red Tails,1,2012,tt0485985,Action
Movie,Jack Reacher,12,2012,tt0790724,Action
Movie,Gallowwalkers,3,2014,tt0829176,Action
Movie,The Avengers,4,2012,tt0848228,Action
Movie,The Sweeney,3,2013,tt0857190,Action
Movie,Evangelion Shin Gekijôban: Kyu,11,2012,tt0860907,Action
Movie,The Amazing Spider-Man 3D,6,2012,tt0948470,Action
Movie,The Courier,5,2012,tt0995845,Action
Movie,The Avengers Assemble Premiere,4,2012,tt10075836,Action
Movie,The Hunger Games Premiere,3,2012,tt10075788,Action
Movie,Weekend Movie,1,2012,tt10121250,Action
Short,Corrupto de Amor,7,2012,tt10222946,Action
Short,Thom Yorke: Robot Hunter,9,2012,tt10275302,Action
Short,The Tiff,6,2012,tt10282584,Action
Short,Running on Empty,4,2012,tt10279264,Action
Movie,Alan Partridge: Alpha Papa,8,2013,tt0469021,Action
Movie,Without Warrant,,2007,tt0479700,Action
Movie,Prisoners of the Sun,6,2014,tt0496375,Action
Movie,Man of Steel,6,2013,tt0770828,Action
Movie,R.I.P.D.,10,2013,tt0790736,Action
Movie,World War Z,7,2013,tt0816711,Action
Movie,The Power of Few,2,2013,tt0817545,Action
Movie,Epic,5,2013,tt0848537,Action
Movie,Snitch,4,2013,tt0882977,Action
Movie,Shroud,2,2013,tt0963948,Action
Movie,Legend of the Red Reaper,8,2013,tt0996958,Action
Movie,Instruments of Darkness,,2014,tt0338258,Action
Movie,A Walk Among the Tombstones,10,2014,tt0365907,Action
Movie,Action Jackson,12,2014,tt0403935,Action
Movie,The Equalizer,9,2014,tt0455944,Action
Movie,Sin City: A Dame to Kill For,8,2014,tt0458481,Action
Movie,Dil Ka Sauda,1,2014,tt0485535,Action
Movie,Jersey Justice,11,2014,tt0772175,Action
Movie,Dracula Untold,10,2014,tt0829150,Action
Movie,Godzilla,5,2014,tt0831387,Action
Movie,Electric Slide,4,2015,tt0835775,Action
Movie,Rupan sansei,8,2014,tt0862748,Action
Short,Daris D. McKinney's Forbearance,10,2014,tt10037642,Action
Short,The Rocks,12,2014,tt10120820,Action
Short,Operation Black Countdown,2,2014,tt10137664,Action
Movie,Jurassic World,6,2015,tt0369610,Action
Movie,Ant-Man,7,2015,tt0478970,Action
Short,Oscar Buzz,12,2015,tt10004934,Action
Movie,Wazir,1,2016,tt0315642,Action
Movie,Aman Ke Farishtey,5,2016,tt0364201,Action
Movie,Cell,6,2016,tt0775440,Action
Movie,Warcraft,5,2016,tt0803096,Action
Movie,Maximum Ride,8,2016,tt0825283,Action
Movie,The Legend of Tarzan,7,2016,tt0918940,Action
Movie,SIUAT Sumanth 3,1,2016,tt10022870,Action
Movie,Wonder Woman,6,2017,tt0451279,Action
Movie,CHIPS,3,2017,tt0493405,Action
Movie,Justice League,11,2017,tt0974015,Action
Movie,Green Brothers,10,2017,tt10010820,Action
Short,Red Wrath,11,2017,tt10015186,Action
Movie,Nagarsevak - Ek Nayak,3,2017,tt10028030,Action
Short,Spider-Man Fan Film - Film Form Studios,9,2017,tt10042774,Action
Short,The Case,12,2017,tt10061574,Action
Short,Mirror Mirror,4,2017,tt10068922,Action
Short,Winner,9,2017,tt10074884,Action
Short,A World Without Flame,4,2017,tt10085248,Action
Movie,The War of Godzilla 2,9,2017,tt10106144,Action
Short,Instagore,5,2017,tt10106644,Action
Short,DOJO,11,2017,tt10110808,Action
Movie,Khayyum Bhai,6,2017,tt10133528,Action
Movie,To Chase a Million,,1967,tt0276568,Action
Short,Crossing: 2036,12,2018,tt10003376,Action
Movie,Stage 3,7,2018,tt10018116,Action
Short,Runner,12,2018,tt10028626,Action
Movie,New Breed,5,2018,tt10034400,Action
Movie,Tötet nicht mehr,,1919,tt0011801,Action
Movie,Alita: Battle Angel,2,2019,tt0437086,Action
Movie,Danger Close: The Battle of Long Tan,8,2019,tt0441881,Action
Movie,Shazam!,4,2019,tt0448115,Action
Short,Skillet,5,2019,tt10004182,Action
Short,Solar,,,tt10003668,Action
Movie,Aporia,11,2019,tt10004944,Action
Movie,"In Our Blood - Sin Límite, Marc Márquez",3,2019,tt10008602,Action
Movie,"In Our Blood - El Comienzo de Todo, Àlex Crivillé",3,2019,tt10008304,Action
Short,Closet Case,4,2019,tt10010172,Action
Movie,Duel of Legends,8,2020,tt0849437,Action
Movie,Road to Red,1,2020,tt0926132,Action
Movie,Fantasy Island,2,2020,tt0983946,Action
Short,Like.Share.Repost.,4,2020,tt10011184,Action
Movie,Hunted,9,2020,tt10011228,Action
Movie,Seeru,2,2020,tt10022990,Action
Movie,Block Z,1,2020,tt10044182,Action
Short,War Gene,,2020,tt10054454,Action
Movie,Unhinged,7,2020,tt10059518,Action
Movie,Range of Sniper,6,2020,tt10082520,Action
Movie,La terre et le sang,4,2020,tt10092752,Action
Short,Evade short film,8,2020,tt10096204,Action
Movie,The Glint of Darkness: Revolution,12,2020,tt10096114,Action
Movie,Guai wu xian sheng,8,2020,tt10097484,Action
Movie,Gripped: Climbing the Killer Pillar,8,2020,tt10097958,Action
Short,Vanity Project,5,2020,tt10101588,Action
Movie,Tribal Get Out Alive,8,2020,tt10126136,Action
Movie,Bronx,10,2020,tt10127684,Action
Movie,Malnazidos,3,2022,tt10127708,Action
Short,Gambler,5,2020,tt10130926,Action
Short,Repentance,11,2020,tt10145036,Action
Movie,Behind the Line: Escape to Dunkirk,8,2020,tt10148118,Action
Movie,Zuìran de quantou,6,2020,tt10147568,Action
Movie,Mortal Kombat,5,2021,tt0293429,Action
Movie,Without Remorse,4,2021,tt0499097,Action
Movie,Z,,2021,tt0818543,Action
Movie,Jungle Cruise,7,2021,tt0870154,Action
Movie,Army of the Dead,5,2021,tt0993840,Action
Movie,Chinese Speaking Vampires,5,2021,tt10005622,Action
Movie,Preman,4,2021,tt10011002,Action
Short,Bad Rap Rising,3,2021,tt10036186,Action
Movie,Badlander,,2021,tt10044610,Action
Movie,Vaa Deal,,2021,tt10050150,Action
Movie,Supercool,2,2022,tt10055546,Action
Movie,Bhuj: The Pride of India,8,2021,tt10062556,Action
Movie,Indiana Jones and the Sanctuary of the Black Order,1,2021,tt10075650,Action
Movie,Twist,6,2021,tt10077034,Action
Movie,Thunder Force,4,2021,tt10121392,Action
Movie,Snow Black,1,2021,tt10156586,Action
Movie,Shadow Parties,9,2021,tt10168094,Action
Short,Extraction: F-229's Day Off,,2021,tt10204148,Action
Movie,Corazones en Llamas: Fuego Cruzado,5,2021,tt10215434,Action
Movie,Knockout Girls,8,2021,tt10223850,Action
Movie,Jolt,7,2021,tt10228134,Action
Movie,Tales from Las Cruces,10,2021,tt10229260,Action
Movie,Beckett,8,2021,tt10230994,Action
Short,Cars and Coffee Movie,4,2021,tt10275878,Action
Movie,Five Stars,,2021,tt10284468,Action
Movie,Satria Dewa: Gatotkaca,6,2022,tt10090058,Action
Movie,Im Westen nichts Neues,10,2022,tt1016150,Action
Movie,Bullet Proof,8,2022,tt10198564,Action
Short,Stalking Elvis,3,2022,tt10257354,Action
Movie,Strange World,11,2022,tt10298840,Action
Movie,Lightyear,6,2022,tt10298810,Action
Movie,The Contractor,4,2022,tt10323676,Action
Movie,The Final Sacrifice: Directors Cut,3,2022,tt10328046,Action
Movie,Paki,,2022,tt10332372,Action
Movie,Etharkkum Thuninthavan,3,2022,tt10340562,Action
Movie,Ek Love Ya,2,2022,tt10415494,Action
Movie,Prindey,1,2022,tt10428326,Action
Movie,Aylan Baby,3,2022,tt10449310,Action
Movie,Ammonium Nitrate,2,2022,tt10493472,Action
Movie,Padavettu,11,2022,tt10518176,Action
Movie,Dhaakad,5,2022,tt10598156,Action
Movie,Thor: Love and Thunder,7,2022,tt10648342,Action
Movie,Wicked Game,9,2022,tt10671182,Action
Movie,Nikamma,6,2022,tt10687220,Action
Movie,Ponniyin Selvan: Part I,9,2022,tt10701074,Action
Movie,K.G.F: Chapter 2,4,2022,tt10698680,Action
Movie,Bachchhan Paandey,3,2022,tt10699086,Action
Movie,Shin Ultraman,5,2022,tt10737918,Action
Movie,Graves,3,2022,tt10740944,Action
Movie,Abiding,8,2022,tt10743778,Action
Short,Last Boat to Dover,3,2022,tt10758472,Action
Movie,Come Out Fighting,11,2022,tt10788058,Action
Movie,Valimai,2,2022,tt10806040,Action
Movie,The Last Fighter,4,2022,tt10809394,Action
Movie,The Street Avenger,12,2022,tt10921118,Action
Movie,The Black Caesar,,2022,tt10920696,Action
Movie,Kira & El Gin,6,2022,tt10935956,Action
Movie,Widows Walk (The Killing Time - Part 2),,,tt10941728,Action
Movie,The Flash,6,2023,tt0439572,Action
Movie,Shazam! Fury of the Gods,3,2023,tt10151854,Action
Movie,John Wick: Chapitre 4,3,2023,tt10366206,Action
Movie,Miraculous: Filmen om Ladybug & Cat Noir,7,2023,tt10364034,Action
Movie,Scavenger,,2023,tt10471692,Action
Movie,The Hunger Games: The Ballad of Songbirds & Snakes,11,2023,tt10545296,Action
Movie,The Marvels,11,2023,tt10676048,Action
Movie,Ant-Man and the Wasp: Quantumania,2,2023,tt10954600,Action
Movie,Untitled The Mafia: Payback Sequel,,,tt10955900,Action
Movie,Dark City: Interval_575,9,2023,tt11230362,Action
Movie,The Out-Laws,7,2023,tt11274492,Action
Movie,Extraordinary Sacrifice,,,tt11601444,Action
Movie,Gold Rush,,,tt11705740,Action
Movie,Untitled Project Valentina Sequel,,,tt11872772,Action
Movie,Bugsy the Becoming,8,2023,tt11972054,Action
Movie,Varisu,1,2023,tt11998558,Action
Movie,65,3,2023,tt12261776,Action
Movie,Extraction II,6,2023,tt12263384,Action
Movie,Eímai o Theós,3,2023,tt12283024,Action
Movie,Getting to the Plug,2,2023,tt12422694,Action
Movie,Les Trois Mousquetaires - Milady,12,2023,tt12672620,Action
Movie,The Three Musketeers - Part I: D'Artagnan,4,2023,tt12672536,Action
Movie,Multiverso,11,2024,tt10225380,Action
Movie,Detour 95,10,2024,tt10844184,Action
Movie,The Legend of Johnny Jones,10,2024,tt10928904,Action
Movie,Slasher House 3,3,2024,tt11078340,Action
Movie,Clank and the Golden Scar,10,2024,tt11374514,Action
Movie,Furiosa: A Mad Max Saga,5,2024,tt12037194,Action
Movie,Danya,,,tt12529250,Action
Short,Eddie Thurber-IV-Victor the Shovel Returns,7,2024,tt12925840,Action
Movie,Adrienne,,,tt13143064,Action
Movie,Hitpig,,2024,tt13176330,Action
Movie,Fighter,1,2024,tt13818368,Action
Movie,L'Inferno (Remastered),9,2024,tt14114688,Action
Movie,Guntur Kaaram,1,2024,tt14564000,Action
Movie,Argylle,3,2024,tt15009428,Action
Movie,Nothing Unusual,10,2024,tt15127142,Action
Movie,Dűne: Második rész,2,2024,tt15239678,Action
